{
  "project_info": {
    "project_number": "497535851261",
    "project_id": "jaloress-9b58e",
    "storage_bucket": "jaloress-9b58e.appspot.com"
  },
  "client": [
    {
      "client_info": {
        "mobilesdk_app_id": "1:497535851261:android:7a1cc8b52c95ca40c0bc94",
        "android_client_info": {
          "package_name": "com.cantika.jalores"
        }
      },
      "oauth_client": [
        {
          "client_id": "497535851261-2kehpbnh1fstgbkrtv0ei2osc0k9o5bt.apps.googleusercontent.com",
          "client_type": 3
        }
      ],
      "api_key": [
        {
          "current_key": "AIzaSyCmZlyCX5pRLyqCEljug-Up3N9kgaJqVug"
        }
      ],
      "services": {
        "appinvite_service": {
          "other_platform_oauth_client": [
            {
              "client_id": "497535851261-2kehpbnh1fstgbkrtv0ei2osc0k9o5bt.apps.googleusercontent.com",
              "client_type": 3
            }
          ]
        }
      }
    }
  ],
  "configuration_version": "1"
}